n,Avg Key Comp,Avg Processing Time
20,104.6,1.7497199999999894e-05
30,252.8,2.3830999999999854e-05
40,433.8,3.7616600000000415e-05
