n,Avg Key Comp,Avg Processing Time
10000000,220099176.66666666,126.72916666666667
